/*
MySQL Data Transfer
Source Host: localhost
Source Database: db_cookbook
Target Host: localhost
Target Database: db_cookbook
Date: 2019/11/9 21:11:34
*/

SET FOREIGN_KEY_CHECKS=0;
-- ----------------------------
-- Table structure for t_author
-- ----------------------------
CREATE TABLE `t_author` (
  `aId` int(11) NOT NULL auto_increment COMMENT '作者id',
  `aName` varchar(50) NOT NULL COMMENT '姓名',
  `aPetName` varchar(50) default NULL COMMENT '昵称',
  `aHead` varchar(225) default NULL COMMENT '头像',
  `aPwd` varchar(11) NOT NULL COMMENT '密码',
  `aEmail` varchar(50) NOT NULL COMMENT '邮箱',
  `aSex` varchar(4) default NULL COMMENT '性别',
  `aPhone` varchar(11) default NULL COMMENT '电话',
  `state` int(11) NOT NULL default '0' COMMENT '角色登录:''0''普通用户''1''管理员',
  PRIMARY KEY  (`aId`)
) ENGINE=InnoDB DEFAULT CHARSET=utf8;

-- ----------------------------
-- Table structure for t_comment
-- ----------------------------
CREATE TABLE `t_comment` (
  `cId` int(11) NOT NULL auto_increment COMMENT '评论编号',
  `cContent` varchar(255) NOT NULL COMMENT '评论内容',
  `cTime` date NOT NULL COMMENT '评论时间',
  `aId` int(11) NOT NULL COMMENT '评论人',
  PRIMARY KEY  (`cId`),
  KEY `aId` (`aId`),
  CONSTRAINT `t_comment_ibfk_1` FOREIGN KEY (`aId`) REFERENCES `t_author` (`aId`)
) ENGINE=InnoDB DEFAULT CHARSET=utf8;

-- ----------------------------
-- Table structure for t_cookbook
-- ----------------------------
CREATE TABLE `t_cookbook` (
  `ckId` int(11) NOT NULL auto_increment COMMENT '文章编号',
  `ckTitle` varchar(50) NOT NULL COMMENT '章文标题',
  `ckContent` varchar(1000) NOT NULL COMMENT '正文',
  `ckImg` varchar(50) default NULL COMMENT '图片',
  `ckState` int(11) NOT NULL default '0' COMMENT '核审状态:''0''未审核,''1''审核通过',
  `ckTime` datetime default NULL COMMENT '布发时间',
  `aId` int(11) NOT NULL COMMENT '布发作者',
  `cId` int(11) NOT NULL default '1' COMMENT '章文评论(未评论)',
  PRIMARY KEY  (`ckId`),
  KEY `author_id` (`aId`),
  CONSTRAINT `t_cookbook_ibfk_1` FOREIGN KEY (`aId`) REFERENCES `t_author` (`aId`)
) ENGINE=InnoDB DEFAULT CHARSET=utf8;

-- ----------------------------
-- Table structure for t_picture
-- ----------------------------
CREATE TABLE `t_picture` (
  `pId` int(11) NOT NULL auto_increment COMMENT '片图标号',
  `pType` varchar(50) NOT NULL COMMENT '片图类型(菜系分类)',
  `pImg` varchar(255) default NULL COMMENT '片图地址',
  `pDish` varchar(50) NOT NULL COMMENT '名菜',
  `pCaption` varchar(300) NOT NULL COMMENT '食材',
  `pContent` varchar(1500) default NULL,
  PRIMARY KEY  (`pId`)
) ENGINE=InnoDB DEFAULT CHARSET=utf8;

-- ----------------------------
-- Records 
-- ----------------------------
INSERT INTO `t_author` VALUES ('5', 'lhx', 'baby', 'img/dd.jpg', '123', '342302643@qq.com', null, null, '1');
INSERT INTO `t_author` VALUES ('6', 'xjq', 'aaaaa', 'img/about-img/1.jpg', '123', '536646252@qq.com', '1', '123456789', '0');
INSERT INTO `t_author` VALUES ('7', 'a', null, null, '123', '342302643@qq.com', null, null, '1');
INSERT INTO `t_author` VALUES ('8', 'aaa', 'nicheng', null, '123', '123456@qq.com', '1', '12344444', '0');
INSERT INTO `t_comment` VALUES ('1', '未评论', '2019-10-11', '5');
INSERT INTO `t_cookbook` VALUES ('1', '今天的狮子头', '狮子头是淮安菜。猪肉肥瘦各半，爱吃肥的亦可肥七瘦三，要「细切粗斩」，如石榴米大小（绞肉机绞的肉末不行），荸荠切碎，与肉末同拌，用手抟成招柑大的球，入油锅略炸，至外结薄壳，捞出，放进水锅中，加酱油、糖，慢火煮，煮至透味，收汤放入深腹大盘。\r\n\r\n狮子头松而不散，入口即化，北方的「四喜丸子」不能与之相比。\r\n\r\n周总理在淮安住过，会做狮子头，曾在重庆红岩八路军办事处做过一次，说：「多年不做了，来来来，尝尝！」想必做得很成功，因为语气中流露出得意。', 'img/blog-img/szt.jpg', '1', '2019-10-11 11:04:53', '6', '1');
INSERT INTO `t_cookbook` VALUES ('2', '传统的龙，传统的面', '郑州的烩面馆也许有几百家吧，生意好的，都是名气大的，每及午前十一时左右，即有食客入往，至午时烩面馆已经爆满。有家生意“相——当”不错的烩面馆，抻面的小师傅，帅而且干净，当众抻起面来，上下翻飞，似演出，似杂技，食客中不时有人大声叫好，引来众人鼓掌响应。此时店里已没有座位，有人就端了碗站着吃，当然多是男士，女士们还是要等，直等到有座位了，再坐下慢慢品嚼，细嚼慢咽，方有回味，她们是悟出了吃东西的真谛。\r\n烩面的做法，应该是很简单，自己在家也完全可以一试身手，但是为什么自己下厨，做出来的味道差别那么大呢？我的心得是，一是面坯要筋道，一是汤要厚。商店有简包装的烩面坯出售，但是这种面坯，不要马上下锅，而是拆包后，再抹一层油，“醒”一会儿，方言叫“墒”。煮烩面的肉汤，要用骨头汤为宜，骨头越大越好，炖的时间越长越好。炖数小时的骨头汤，其汤将纯白如奶，其味醇如醍醐。大街上的小烩面馆会有偷工减料之人，在汤里加上奶粉，看似也白，但吃饭是味道当家，入口，立辨厚薄。\r\n面坯和骨头汤都备齐了，这是主角，不过配角也不可小觑，一个人唱不了大戏，接着要准备木耳，黄花菜，粉条，海带，炸过的豆腐丝，芫荽，这些配角，会将这碗烩面衬得完美无瑕，更重要的是营养跟上了。烩面再好，无非是面，淀粉居多，而这些配角，正好弥补这个缺憾。', 'img/blog-img/hm.jpg', '1', '2019-10-11 11:05:50', '6', '1');
INSERT INTO `t_cookbook` VALUES ('3', '你知道陕西的‘总代表吗’?', '相信其实国内无论是上至八十岁老人，还是下至十多岁的小孩，都有知道这一份美食，但又有多少人知道“牛羊肉泡馍”的正确吃法。在西安本地，大家都知道有流行这么一句话叫做“米家的肉，刘家的汤”，可见在泡馍界，这两家店有多么受老百姓们的推崇，老刘家的泡馍在西安还是比较好找的，就在北广济街南口，西大街百盛的后面路东边。但米家就有所区别，有的人说在北广济街北口，全名叫果渊斋米家泡馍，还有的人说在鼓楼里西羊市中段，路北很不起眼的一家，就叫米家泡馍。这两个米家顾客都很多，每天店铺排队的人络绎不绝，大家有机会可以去尝一尝。', 'img/blog-img/pm.jpg', '1', '2019-10-14 14:05:26', '7', '1');
INSERT INTO `t_cookbook` VALUES ('4', '这个真的超好吃！！！！！', '水煮肉片（Poached spicy slices of pork），是一道地方新创名菜，起源于自贡，发扬于西南，属于川菜中著名的家常菜 [1]  。因肉片未经划油，以水煮熟故名水煮肉片。水煮肉片肉味香辣，软嫩，易嚼。吃时肉嫩菜鲜 ，汤红油亮，麻辣味浓，最宜下饭，为家常美食之一。', 'img/blog-img/szrp.png', '1', '2019-10-14 14:22:39', '7', '1');
INSERT INTO `t_cookbook` VALUES ('5', '你吃过这个吗', '干煸麻辣排骨是四川的一道名菜，今天跟着小编一起来学习一下干煸麻辣排骨是怎样制作的。\r\n首先我们要先把排骨购买好，方便我们进行下一步的操作。\r\n接下来我们把排骨用清水清洗干净，然后放在菜板上用菜刀宰成块状，然后在锅中放入适量的水将排骨倒入锅中进行焯水把排骨打捞出来过后把排骨沥干后放入一个盆中备用。\r\n最后在锅中倒入适量的油放入姜末和蒜末进行翻炒，在锅中倒入排骨进行翻炒，煸炒过后排骨炒成金黄色过后加入盐和辣椒面以及孜然粉进行翻炒，翻炒均匀后盛入盆中即可食用。', 'img/blog-img/gbpg.png', '1', '2019-10-19 11:23:19', '7', '1');
INSERT INTO `t_cookbook` VALUES ('6', '川霸味道：入蜀不吃回锅肉，等于没到川渝。', '上回提到过，一个川菜又细分为三个（支）流派，每个流派的风格又极为鲜明。于是慢慢地一道并不明显显性的“川流”鄙视链也因此诞生。关于究竟哪道菜才能称得上是川菜之中的总扛把子，三个支流的认定却又出奇地一致。\r\n“入蜀不吃回锅肉，等于没到川渝。”\r\n诸如此类的话，已经听到耳朵起茧。例如热干面之于武汉，烤鸭之于北京，小笼包之于杭州……，都也可以套用上述句式。\r\n正因为这道菜太过常见，家家都可以做，毫无距离的亲切感导致了人们不免有这种错觉——回锅肉是一道名副其实的家常菜，菜太简单，太家常，根本代表不了博大精深，百菜百味的川菜。\r\n实际上，回锅肉至今为止一直都是川菜厨师考级必考科目。它几乎包含了做好一道川菜的所有元素。从用料的讲究到精细的刀工，再到火候的掌控以及调味的准确，无一不考验着一个优秀川菜师傅所必备的技能和素质。', 'img/blog-img/hgr.jpg', '1', '2019-10-19 11:23:16', '7', '1');
INSERT INTO `t_cookbook` VALUES ('7', '给大家介绍几款地道美味的东北菜！！！', '人们可能会很好奇，因为东北菜具有很丰富的特色，大多数人都比较喜欢，但是东北的几大“硬菜”里，却没有南方喜欢吃的，这些菜在南方人的眼中一直都没有什么好感，甚至提到东北菜，还会有一种吃不下的感觉，那么这是为什么呢？其实这种问题并不是南方对于东北的偏见，而是一种民族文化，因为不同地区的民族美食文化不同，其口味也会不相同，其实和口味也没有太大的关系 首先，我们从味道上来说，每一个地方的食材都会有着差别，而制作的菜品味道就会不同，但食物提供出来的味道并没有太大的差别，所以说就是和做法有关了，南方人之所以不喜欢东北菜，就是因为南方不能接受东北菜的做法。著名的东北菜有杀猪菜、猪肉炖粉条、血肠、扒肘子等等，这些作为东北的“硬菜”，很受本地人的喜欢，但是这些菜在南方人的眼中，和大锅煮没有什么区别，因此南方人无法接受这种做法，即使再美味，但其做法与南方菜品的做法差距太大，这就导致了南方人不能接受东北菜。而在东北人的眼里，南方的菜则是比较好吃，而且做得也比较精致，但就是份量小，没有东北菜的大气，给人一种不够吃的感觉，而一些人则会认为南方人比较小气，舍不得吃，所以说东北与南方都比较看不上对方菜品的做法，因此大家也都不想融入到对方的生活习俗。每个地区的饮食文化都不一样，没有什么吃不下的东西，也没有什么小气这一说，只不过是不同的心态罢了，不管我们去了哪里，都应该尝试一下当地的特色菜，感受一下当地的风俗，这样才会更有意义。', 'img/blog-img/dbc.jpg', '1', '2019-10-19 11:20:46', '6', '1');
INSERT INTO `t_cookbook` VALUES ('8', '来成都吃什么小吃？这里力荐！！', '要是听到一个成都人说，今天没得好想吃饭，要不吃点小吃吧？请一定做好心理准备。这里的小吃，可能是你想象中的三大炮、糖油果子、蛋烘糕等，点一份随便吃吃，不易饱腹，只管尝鲜的小食。也可能是吃得饱足之时，还能在胃里挤出几分余地给到的冰粉、糍粑、豆花等清甜口的小吃。大概也是诸如担担面、抄手、钵钵鸡，一筷子下去刹不住，要将碗底料扒拉个干净才算数的小吃。上述乃至更多的小吃，或发于成都，或走入成都，我们统称其为成都小吃', 'img/blog-img/cdxc.jpg', '1', '2019-10-21 17:27:15', '7', '1');
INSERT INTO `t_cookbook` VALUES ('9', '冬天时一定要常喝这道汤，不再担心手脚冰凉', '今天和大家介绍一道非常适合冬天进补的汤类美食，它就是花生莲藕煲龙骨汤。古时人们用阴阳代表两性，女性属阴，所以体内的湿气寒气会比男性要多一些。而一到了冬天，女性的身体则更需要细心地照顾和入微的爱护。不然天寒体寒，身体就会出现问题，医生只能解救一时的病症，我们不能等到身体真的出现问题了再爱惜自己。冬天时一定要常喝这道汤,不再担心手脚冰凉。', 'img/blog-img/dtt.png', '1', '2019-10-22 08:03:26', '6', '1');
INSERT INTO `t_cookbook` VALUES ('10', '正宗新疆大盘鸡呢', '新疆大盘鸡是一道特别有名的地方特色菜，这道菜主要是土豆和鸡肉一起制作而成，再配上宽面一起吃真的是新疆风味的代表。虽然这是一道新疆美食，但是随着慢慢地流传，各大餐馆也是有了这道菜的身影。', 'imh/blog-img/dpj.jpg', '0', '2019-10-29 08:06:31', '6', '1');
INSERT INTO `t_cookbook` VALUES ('12', 'wwwwww', 'aaaaaaa', 'img/blog-img/dd.jpg', '1', '2019-10-29 10:33:07', '6', '1');
INSERT INTO `t_picture` VALUES ('1', '川菜', 'img/rose.png', '鱼香肉丝', '猪肉、黑木耳、玉兰片、葱、蒜、姜、泡辣椒、肉汤（或水）。', '制作：\r\na)将泡发的黑木耳切丝，玉兰片（可选）切丝，猪瘦肉切丝，葱姜蒜切小粒，泡椒剁细；\r\nb)将肉丝用少许盐和淀粉将肉丝腌制五到十分钟，并将淀粉、盐、白糖、醋、生抽、肉汤（或水）兑成芡汁；\r\nc)热锅下冷油，油温热后，下肉丝迅速划炒散开；\r\nd)肉丝炒散至发白后，迅速放入姜、蒜米、泡椒；\r\ne)炒至出香味并呈红色时下葱花、木耳、豌豆尖、玉兰片炒匀；\r\nf)下芡汁收汁起锅即可。');
INSERT INTO `t_picture` VALUES ('2', '川菜', 'img/fuqi.png', '夫妻肺片', '清远鸡1只、葱500克、姜1块\r\n调料：生抽1大匙、黄酒3大匙、盐2～3小匙、白糖1小匙\r\n牛肉100克，牛舌100克，牛头皮100克，牛心150克，牛肚200克，香料（八角、三奈、大茴香、小茴香、草果、桂皮、丁香、生姜等）、盐、红油辣椒、花椒面、芝麻、熟花生米、豆油、味精、芹菜各适量。', '做法\r\n1.将牛肉切成块，与牛杂（牛舌、牛心、牛头皮、牛肚）一起洗干净，用香料、盐、花椒面等各种调料卤制，先用猛火烧开后转用小火，卤制到肉料耙而不烂，然后捞起晾晒，切成大薄片，备用。\r\n2.将芹菜洗净，切成1cm长的段。芝麻炒熟和熟花生一起压成末备用。\r\n3.盘中放入切好的牛肉、牛杂、再加入卤汁、豆油、味精、花椒面、红油辣椒、芝麻、花生米末和芹菜，搅拌均匀即成。');
INSERT INTO `t_picture` VALUES ('3', '川菜', 'img/doufu.png', '麻婆豆腐', '豆腐（250克）、牛肉（75克）、蒜苗（1根）、豆豉（15克）、花椒粉（3克）、黄酒（5克）、盐（3克）、豌豆淀粉（5克）、花生油（15克）、小葱（5克）等。', '步骤\r\n1.将豆腐切成2厘米见方的块，放入加了少许盐的沸水中氽一下，去除豆腥味，捞出用清水浸泡；豆豉等剁碎，蒜苗切段，姜切末；\r\n2.炒锅烧热，放油，放入牛肉馅炒散；待牛肉馅炒成金黄色，放入豆瓣酱同炒；放入豆豉、姜末、辣椒粉同炒至牛肉上色；\r\n3.下肉汤煮沸；放入豆腐煮3分钟；加酱油、蒜苗段、糖，用盐调味，再用湿淀粉勾芡；盛出后撒上花椒面、葱末即可。');
INSERT INTO `t_picture` VALUES ('6', '川菜', 'img/gongbao.png', '宫保鸡丁', '主料：鸡 脯肉（225克）、花生米（50克）。\r\n辅料：葱（45克）、姜（10克）。\r\n调料：干辣椒（8克）、花椒（1.5克）、色拉油（60克）、食盐（2克）、料酒（2克）、味精（1克）、酱油（6.5克）、白糖（10克）、醋（7克）、水淀粉（22克）.', '1.将鸡脯肉用刀背拍一下，切成小丁，加入一汤匙料酒、半汤匙食用油、半茶匙白胡椒、半茶匙盐，一茶匙淀粉腌渍10分钟，再用水淀粉拌匀。\r\n2.将大葱洗净切段，干辣椒洗净，剪去两头去除辣椒籽，黄瓜切丁。\r\n3.在小碗中调入酱油、香醋、盐、姜汁、白砂糖和料酒，混合均匀制成调味料汁。\r\n4.锅中留底油，烧热后将花椒和干辣椒放入，用小火煸炸出香味，随后放入大葱段。\r\n5.放入鸡丁，放1汤匙料酒，将鸡丁滑炒变色，然后倒入水淀粉。\r\n最后调入料汁，再放入熟花生米，翻炒均匀，用水淀粉勾芡即成.');
INSERT INTO `t_picture` VALUES ('7', '川菜', 'img/huiguo.png', '回锅肉', '主料：五花肉200克，青蒜2棵。\r\n辅料：花椒20粒左右，姜片7、8片，郫县豆瓣酱2大勺，料酒2大勺，白糖1大勺，盐1小勺，生抽1大勺。', '1、先将肉入冷水锅，放入姜片，到一大勺料酒，大火将水烧开，然后转中火，煮半小时左右。2、等到用筷子戳进去能扎得透，且没有血水流出，即可关火。3、将煮好的肉晾凉，切成薄片，这里是考验刀工的地方啦，太薄了，一炒就碎，太厚了，炒不出灯盏窝儿。（可以放到冷冻室里急冻个五分钟，这样比较好切）4、将青蒜斜刀切成寸长段。5、炒锅倒油，大火将锅烧热，将切好的肉片下锅，翻炒至肉片卷曲，肥肉透明最好，这样猪肉的油都被炒出来了，吃起来不腻。6、然后把肉推动锅的一边，倒入花椒粒，豆瓣酱翻炒，等看到油的颜色变红，就可以把肉扒拉过来炒匀了。7、倒入青蒜，料酒、盐、糖、生抽，翻炒均匀即可');
INSERT INTO `t_picture` VALUES ('8', '粤菜', 'img/baiqie.png', '白切鸡', '清远白切鸡·食材\r\n原料：清远鸡1只、葱500克、姜1块\r\n调料：生抽1大匙、黄酒3大匙、盐2～3小匙、白糖1小匙 [2] ；湛江白切鸡·食材\r\n原料：湛江鸡1500克，沙姜20克，生姜片、0克，葱5克\r\n调料：盐、鸡粉、白糖、味精、料酒、花生油、香油各适量 [3] 。', '\r\n\r\n烹饪步骤:\r\n清远白切鸡:\r\n1、铸铁锅锅底铺满小葱，摆些姜片。\r\n2、将鸡清理干净，鸡肉表面抹少许盐和黄酒，放入锅中，在鸡肉上也放些姜片。\r\n3、开中大火加热2分钟左右，看到有烟气冒出，转小火，盖上锅盖，在锅盖上放一些冰块，小火焖煮25分钟左右。开盖用筷子戳鸡腿部位，无血水冒出即可。\r\n4、关火后取出鸡，放入冰水中浸泡10分钟；捞出鸡肉，擦干水分，将鸡肉切成块。取一些小葱和姜切成碎末，加适量盐、生抽、白糖，拌匀，倒入锅内剩余的汁水，拌匀，食用时蘸酱料即可。\r\n湛江白切鸡:\r\n1、把鸡洗净，切下鸡爪，切去爪尖。\r\n2、蒸锅倒入半锅清水烧开，加入生姜片、葱、料酒，调入鸡粉、盐、味精，煮沸。\r\n3、手提鸡头，将鸡身浸入锅中，氽烫片刻提起控水，重复数次后再将整只鸡放入锅中。\r\n4、用小火煮20分钟，将鸡煮熟透，取出。\r\n5、放入冰水中浸没冷激2-3分钟。\r\n6、沙姜切末，加入少许鸡粉、白糖、盐、味精、香油，拌匀。\r\n7、锅中倒入少许花生油，烧至六七成热。\r\n8、用锅勺将热油淋入沙姜末中，制成蘸料。\r\n9、熟鸡冷激好后取出，均匀抹上香油，改刀斩块。\r\n10、装入盘中，与蘸料一同上桌即成。');
INSERT INTO `t_picture` VALUES ('9', '粤菜', 'img/shaoe.png', '烧鹅', '仔鹅1只、姜末10克、蒜茸10克、葱末20克、精盐15克、白糖20克、料酒30克、生抽10克、芝麻酱10克、鸡精10克、五香粉5克、陈皮粉2克、二汤、麦芽糖、白醋、曲酒各适量、酸梅酱味碟4个。', '\r\n\r\n制法:\r\n1、仔鹅宰杀后洗净，从肛门处开口掏出内脏，斩去鹅掌及翅尖，用清水将鹅的腹腔冲洗干净。\r\n2、用姜末10克、蒜茸10克、葱末20克、精盐15克、白糖20克、料酒30克、生抽10克、芝麻酱10克、鸡精10克、五香粉5克、陈皮粉2克加适量二汤调匀，制成味汁；另将麦芽糖、白醋、大红浙醋、曲酒按1：13：1：1调匀，制成脆皮水（可保存好，多次使用）。\r\n3、将味汁从肛门开口处灌入鹅的腹腔，再用烧鹅针将开口缝住，使味汁不致漏出。\r\n4、将鹅头部向上，接着把气枪的气嘴从鹅颈杀口处伸入颈腔，再用左手将颈部和气嘴一起握住，然后右手按压气枪，将空气慢慢打入鹅体皮下脂肪与结缔组织之间，使之胀满。\r\n5、取出气嘴，用手将鹅的颈部握住，随后把鹅体放入沸水锅中烫约半分钟，再用冷水浇淋鹅的表皮，使之降温稍凉，然后把脆皮水均匀地刷在鹅的表皮上，完成后即把鹅挂在阴凉通风处晾干。\r\n6、将晾干的鹅挂入烤炉中，用果木木炭烧中火慢烤，烤至鹅肉熟透时，改用大火将鹅的表皮烤至酥脆，取出，先倒出鹅腹内的卤汁，将鹅斩件装盘，再淋上卤汁，随酸梅酱味碟上桌蘸食即可。\r\n要领\r\n1、应选用鹅龄为90天左右、体重为3500克左右的肥嫩仔鹅，且鹅体表面须无瘀血及伤痕。\r\n2、调制味汁时加多少二汤，应当视鹅的腹腔大小而定。一般以味汁灌至腹腔灌至1/3为度。汤汁灌好后，还需将鹅体平放一段时间，以使汤汁均匀地浸渍腹腔。\r\n3、打气以打至八成满为宜，不宜打得过满。且打气后不可用手拿鹅的胸脯等部位，以免留下凹痕。\r\n4、刷脆皮水时要刷得均匀，否则鹅烤出来后表皮色泽不一致。\r\n5、挂入炉中烤制时，一定要掌握好火候，且要将鹅在炉中转动几次?亦可使用自动转炉 ，使之受热均匀。\r\n6、为了让鹅的表皮光滑油亮，也可在烤制过程中，在鹅的表皮刷几次香油。');
INSERT INTO `t_picture` VALUES ('10', '粤菜', 'img/luobo.png', '萝卜牛腩煲', '牛腩600克，白萝卜300克，葱2支，大蒜，八角各2粒，姜4片\r\nA料：甜面酱、豆瓣酱各2大匙\r\nB料：米酒、酱油各1大匙，糖1/2大匙，高汤6杯，胡椒粉1小匙\r\nC料：干生粉2大匙', '1.牛腩切块；白萝卜去皮，洗净，切块；葱洗净，切段；姜去皮，切片及末；大标去皮，切末备用。\r\n2.锅中加半锅水烧开，放入牛腩煮滚，捞出浮油，加葱段和姜片，小火煮半小时，捞起沥干。\r\n3.锅中另倒2大匙油烧，爆香姜末和蒜末，加入A料炒匀，放入牛腩、白萝卜、八角及B料拌炒，盛入煲锅中，大火煮沸后改小火煮至肉烂，再加C料色芡，即可端出。');
INSERT INTO `t_picture` VALUES ('11', '苏菜', 'img/yangzhou.png', '扬州炒饭', '米饭、鸡蛋、火腿肉、虾仁、青豆、胡萝卜、玉米粒、葱末、绍酒、盐、胡椒粉。', '做法\r\n1.火腿切成略小于青豆的方丁。鸡蛋打入碗内，加盐、葱末搅打均匀。\r\n2.炒锅上火烧热，放入油，放入鸡蛋滑散。\r\n3.放入、青豆、葱末、胡萝卜、玉米翻炒均匀。\r\n4.加入火腿粒炒匀烹入少许绍酒。\r\n5.加入虾仁炒匀加少许盐、胡椒粉调味。\r\n6.加入隔夜米饭迅速翻炒，粒粒米饭喷香即可出锅。');
INSERT INTO `t_picture` VALUES ('12', '苏菜', 'img/shuijing.png', '水晶肴肉', '猪前蹄750克，花椒7克，八角5克，葱姜各12克，盐15克，味精12克，香醋15毫升，绍酒、硝水适量，明矾0.5克，卤水适量。 [2] ', '步骤\r\n1.猪蹄剔去骨，用铁扦在肉面上戳些小孔，每只蹄均匀地洒上硝水，再用盐揉擦，待肉色变红后取出泡入水中，漂去涩味，刮净皮上污物，用温水洗净；\r\n2.锅上火倒入清水，将猪蹄放入煮开后捞出洗净；\r\n3.另取锅倒入卤水，略加清水，将花椒、八角、葱姜装入小布袋内扎紧袋口，放入锅中再加盐、绍酒，以旺火烧沸后用盘压紧蹄肉，移至小火煮约3个小时，使蹄肉酥烂出锅；\r\n4.将煮好的蹄肉皮朝下放入方盘内，摊平压紧，将锅内老卤烧沸，撇去浮油，放入明矾，加少许清水，再撇去浮油，将汤卤舀入蹄盆，淹满肉面，放阴凉处冷却“凝冻”，即成水晶肴蹄。');
INSERT INTO `t_picture` VALUES ('13', '闽菜', 'img/fotiao.png', '佛跳墙', '主料：水发鱼翅500克、净鸭肫6个、水发刺参250克、鸽蛋12个、净肥母鸡1只、水发花冬菇200克、水发猪蹄筋250克、猪肥膘肉95克、大个猪肚1个、羊肘500克、净火腿腱肉150克\r\n调料：姜片75克、葱段95克、桂皮10克、炊发干贝125 克、绍酒2500克、净冬笋500克、味精10克、水发鱼唇250克、冰糖75克、鲂肚125克、上等酱油75克、金钱鲍1000克、猪骨汤1000克、猪蹄尖1000克、熟猪油1000克、净鸭1只', '烹饪步骤\r\n1、将水发鱼翅去沙，剔整排在竹箅上，放进沸水锅中加葱段30克、姜片15克 、绍 酒100克煮10分钟，支其腥味取出，拣去葱、姜，汁不用，将箅拿出放进碗里，鱼翅上摆放猪肥膘肉，加绍酒50克，上笼屉用旺火蒸2小时取出，拣去肥膘肉，滗去蒸汁。\r\n2、鱼唇切成长2厘米、宽4.5厘米的块，放进沸水锅中，加葱段30克、绍酒100克、姜片15克煮10分钟去腥捞出，拣去葱、姜。\r\n3、金钱鲍放进笼屉，用旺火蒸取烂取出，洗净后每个片成两片，剞上十字花刀，盛 入小盆，加骨汤250克、绍酒15克，放进笼屉旺火蒸30分钟取出，滗去蒸汁。鸽蛋煮熟，去壳。\r\n4、鸡、鸭分别剁去头、颈、脚。猪蹄尖剔壳，拔净毛，洗净。羊肘刮洗干净。以上四料各切12块，与净鸭肫一并下沸水锅氽一下，去掉血水捞起。猪肚里外翻洗干净，用沸水氽两次，去掉浊味后，切成12块，下锅中，加同有汤250克烧沸，加绍酒85克氽一下捞起，汤汁不用。\r\n5、将水发刺参洗净，每只切为两片。水发猪蹄筋洗净，切成2寸长的段。净火腿腱肉加清水150克，上笼屉用旺火蒸30分钟取出，滗去蒸汁，切成厚约1厘米的片。冬笋放沸水锅中氽熟捞出，每条直切成四块，用力轻轻拍扁。锅置旺 火上，熟猪油放锅中烧至七成热时，将鸽蛋、冬笋块下锅炸约2分钟捞起。随后，将鱼高鱼肚下锅，炸至手可折断时，倒进漏勺沥去油，然后放入清水中浸透取出，切成长4.5厘米、宽2.5厘米的块。\r\n6、锅中留余油50克，用旺火烧至七成热时，将葱段35克、姜片45克下锅炒出香味 后，放入鸡、鸭、羊肘、猪蹄尖、鸭肫、猪肚块炒几下，加入酱油75克、味精10克、冰糖75克、绍酒2150克、骨汤500克、桂皮，加盖煮20分钟后，拣去葱、姜、桂皮，起锅捞出各料盛于盆，汤汁待用。\r\n7、取一个绍兴酒坛洗净，加入清水500克，放在微火上烧热，倒净坛中水，坛底放 一个小竹箅，先将煮过的鸡、鸭、羊、肘、猪蹄尖、鸭肫、猪肚块及花冬菇、冬笋块放入，再把鱼翅、火腿片、干贝、鲍鱼片用纱布包成长方形，摆在鸡、鸭等料上，然后倒入煮鸡、鸭等料的汤汁，用荷叶在坛口上封盖着，并倒扣压上一只小碗。装好后，将酒坛置于木炭炉上，用小火煨2小时后启盖，速将刺参、蹄筋、鱼唇、鱼高肚放入坛内，即刻封好坛口，再煨一小时取出，上菜时，将坛口菜胡倒在大盆内，纱布包打开，鸽蛋放在最上面。同时，跟上蓑衣萝卜一碟、火腿拌豆芽一碟、冬菇炒豆苗一碟、油辣芥一碟以及银丝卷、芝麻烧饼佐食。');
INSERT INTO `t_picture` VALUES ('14', '闽菜', 'img/jitang.png', '鸡汤氽海蚌', '主料：漳港海蚌 (3500克) ；鸡肉 (1500克)\r\n辅料：牛肉(肥瘦) (750克)； 猪里脊肉 (750克)\r\n调料：盐 (7克)； 料酒 (8克)', '制作工艺\r\n1.老母鸡宰杀，去内脏、洗净（留下鸡血水，割下鸡胸脯肉另用）切成4块与牛肉（切4 块）、猪里脊（切4 块）一起在沸水中炉水，除去浮污，放在盆里，加清水1500 克上笼屉旺火蒸3 小时取出，去肉留汤，滤去杂质和浮油。鸡胸脯肉剁成茸与鸡血水、精盐调匀捏成几个小圆球，与鸡汤下锅煮5 分钟，捞出鸡茸球，滤去杂质，成为高质量的三茸鸡汤。\r\n2.蛤蜊劈开壳，取出肉、钮，每只蛤蜊尖片成2 片，肉切为2块，洗净后入沸水锅永至6 成熟，取出装于碗中，倒入料酒少许“浆”一下，再沥干酒汁，加入约150 克的三茸鸡汤（热）再将汤汁沥净。\r\n3.将二茸鸡汤用精盐调味后，烧沸后立即众入海蚌，即成。');
INSERT INTO `t_picture` VALUES ('15', '浙菜', 'img/xiaren.png', '龙井虾仁', '活河虾600克，龙井新茶5克，鸡蛋1个，淀粉10克，黄酒、盐适量。', '步骤\r\n1.将河虾挤出虾肉，用清水反复清洗，至雪白，沥干水分。\r\n2.盛到碟中，放入盐和蛋清，用筷子搅拌至有粘性，加入淀粉，腌制1小时。\r\n3.茶用开水泡开，备用。热锅放入油，滑开虾仁后盛出。\r\n4.用葱炝锅，放入虾仁，再加入黄酒、茶叶和茶水，迅速颠炒半分钟即可出锅');
INSERT INTO `t_picture` VALUES ('17', '徽菜', 'img/jiayu.png', '火腿炖甲鱼', '甲鱼500克，火腿骨1/2条，绍酒1汤匙，火腿70克，熟猪肉10克，清汤3杯，香油、小葱、姜各适量，冰糖、胡椒粉少许', '做法\r\n①将甲鱼头引出齐甲盖处颈部宰杀，流尽血水，放在80℃热水中浸烫，剥去皮膜，用刀沿甲壳四周划开，掀掉甲盖，去内脏(留下甲鱼蛋)、脚爪和尾，洗净，剁成3．3厘米长、2厘米宽的条块放入滚水锅内，煮至水再滚时捞出，再清洗一次。\r\n②选用肥瘦相连的火腿切成4大块。火腿骨洗净滤干。\r\n③取砂锅一只，先整齐地摆入甲鱼块，然后将火腿、葱(打结)、姜(拍松)和火腿骨围在甲鱼四周，加入清汤和绍酒。盖好盖，用大火煮滚撇去浮沫，放冰糖，改用小火炖1小时左右，去葱、姜和火腿骨不用，火腿取出切成片，放回锅中，淋上香油，洒上胡椒粉即可。');
INSERT INTO `t_picture` VALUES ('18', '徽菜', 'img/guiyu.png', '腌鲜鳜鱼', '主料：鳜鱼700克\r\n辅料：猪肋条肉（五花肉）35克、青蒜20克 、冬笋35克\r\n调料：酱油30克、 菱角粉6克、 姜15克 、白砂糖5克、 猪油（炼制）70克、 黄油10克、', '制作方法：\r\n1、将鳜鱼去鳞、鳃，去内脏洗净，两面刻斜花刀，晾干；\r\n2、冬笋去皮，洗净，煮熟，切片；\r\n3、青蒜择洗干净，切段；\r\n4、将猪肉洗净，切片备用；\r\n5、锅放火上，下猪油用大火烧七成热，将鳜鱼放入炸至呈淡黄色，倒入漏勺沥净油；\r\n6、锅内留少许底油，将猪肉、笋片放入锅内略煸；\r\n7、再将鳜鱼放入，加酱油、姜末、酒、糖和鸡汤350毫升烧开，即转小火继续烧；\r\n8、烧至汤汁将干时，撒入青蒜段，跟着调水菱角粉下锅勾薄芡，淋少许猪油即成。');
INSERT INTO `t_picture` VALUES ('19', '徽菜', 'img/dd.jpg', '黄山炖鸽', '主料：净菜鸽2 只（约重500 克）。\r\n配料：黄山山药100 克。\r\n调料：小葱结、姜块各25 克、精盐5 克、冰糖3 克、料酒25 克、鸡汤750 克、熟猪油10 克。', '1、将山药削去外皮，洗净，切成0.1 厘米的片，放开水锅中浸烫一下捞出。\r\n2、将鸽子从腹部（靠近肛门附近）开一小口，掏出内脏（留肫、肝）洗净，下开水锅中浸烫一下，捞起再清洗一次，放在汤碗内，加入山药片、葱结、姜（拍松）、盐、冰糖、料酒和鸡汤，用一个大盘盖在汤碗上，上笼蒸2 小时左右取出，淋入熟鸡油即成。\r\n特点\r\n汤清味鲜，鸽肉酥烂，山药清香爽口。');
INSERT INTO `t_picture` VALUES ('20', '湘菜', 'img/yutou.png', '剁椒鱼头', '胖头鱼鱼头1个、剁椒适量、高度白酒1大匙、胡椒粉少许、料酒1\r\n 大匙、蒸鱼豉油1大匙、油适量、盐适量、姜适量、葱适量。', '1.将鱼头洗净，从鱼唇正中剖开，在鱼头下面鱼肉较厚的部分斜划几刀。\r\n2.将料酒、胡椒粉、盐撒在鱼头上，抹匀，腌制约20分钟。\r\n3.将高度白酒倒入剁椒中，拌匀备用。\r\n4.在腌制好的鱼头表面淋上少许油，抹匀。\r\n5.将姜切片、葱切段，铺在碗底。\r\n6.再放上处理好的鱼头。\r\n7.然后将步骤3的剁椒铺在鱼头上。\r\n8.蒸锅内放入适量的水，烧开，然后摆入鱼头，盖盖，大火隔水足汽蒸约10分钟。\r\n9.将蒸好后的鱼头取出，倒去碗内多余的汤汁，撒上葱花，淋入蒸鱼豉油，然后将适量的油烧热，泼在上面即可。');
INSERT INTO `t_picture` VALUES ('21', '湘菜', 'img/yuchi.png', '祖庵鱼翅', '水发玉结鱼翅:2000克 ,精盐:8克 ,味精:2.5克,干贝:50克, 胡椒盐:1克, 肥母鸡肉:1500克 ,葱结:50克 ,猪肘肉:1000克, 姜片:50克 ,绍酒:150克, 熟鸡油:25克 。', '1、将鸡宰杀去净毛，开膛去内脏洗净，砍成大块，猪肘肉刮洗干净后砍成块，一起下入开水锅内煮过捞出，用清水洗净血沫。葱、姜拍破。干贝掰去边上老筋，洗净后放入葱、姜、料酒和水，上笼蒸发待用。\r\n2．取大瓦钵一只，用竹箅子垫底，放入用白稀纱布包好的鱼翅。用鸡汤，加入料酒和葱、姜，在旺火上烧开后移到小火煨约半小时。从锅内取出鱼翅，这道汤倒掉不要，铺上猪肘肉、葱结、姜片、重新产入鱼翅、鸡块，再加入干贝汤、绍酒、精盐、清水1500克用盘盖上，在旺火上烧开，再移至小火上煨约4小时，直至鱼翅软烂、浓香、柔软。然后离火去掉鸡肉、肘肉和葱、姜。将鱼翅从白布中取出，摆放盘中。\r\n3．在炒锅内放入熟鸡油，烧至八成热，倒入大瓦钵内的原汤，放入味精，烧开成浓汁，浇在鱼翅上，撒上胡椒粉淋鸡油即成。');
